Workbook

Sheet Minimum
A1: Item use | B1: Description | C1: Product number | D1: Vendor | E1: Link | F1: Min quantity | G1: Unit price | H1: Total cost
A2: Rectifier Capacitor | B2: CAP ALUM 560UF 20% 200V SNAP TH | C2: 493-8516-ND | D2: DigiKey | E2: https://www.digikey.com/en/products/detail/nichicon/LGW2D561MELA30/1966872 | F2: 4 | G2: 5.25 | H2: =Minimum!$G2*Minimum!$F2 -> 21
A3: Three Phase Rectifier | B3: Bridge Rectifiers 200V 30A Power Diode Discretes-FRED i4-Pac | C3: DPF30U200FC | D3: MOUSER | E3: https://www.mouser.com/en/ProductDetail/IXYS/DPF30U200FC?qs=rQFj71Wb1eWHztVyBgjseQ%3D%3D | F3: 1 | G3: 20.09 | H3: =Minimum!$G3*Minimum!$F3 -> 20.09
A4: Buck Inductor | B4: 437uH GE Inductor (Already in lab) | C4: LC200-0185 | F4: 1 | H4: =Minimum!$G4*Minimum!$F4 -> 0
A5: Buck Capacitor | B5: 10 µF 50 V Aluminum Electrolytic Capacitors Radial, Can 5000 Hrs @ 105°C | C5: EEU-FR1H100 | D5: DigiKey | E5: https://www.digikey.com/en/products/detail/panasonic-industry/EEU-FR1H100/9921028 | F5: 1 | G5: 0.41 | H5: =Minimum!$G5*Minimum!$F5 -> 0.41
A6: MOSFET | B6: MOSFET N-CH 200V 12A TO220AB | C6: IRF200B211-ND | D6: DigiKey | E6: IRF200B211 Infineon Technologies | Single FETs, MOSFETs | DigiKey | F6: 1 | G6: 2.23 | H6: =Minimum!$G6*Minimum!$F6 -> 2.23
A7: Diode | B7: DIODE SCHOTTKY 200V 10A TO220AC | C7: MBR10200_T0_00001 | D7: DigiKey | E7: https://www.digikey.com/en/products/detail/panjit-international-inc/MBR10200-T0-00001/15799461 | F7: 1 | G7: 1.29 | H7: =Minimum!$G7*Minimum!$F7 -> 1.29
A8: Current sense IC | B8: CURRENT SENSOR HE 10-SOIC | C8: TMCS1133C5AQDVGR | D8: DigiKey | E8: https://www.digikey.com/en/products/detail/texas-instruments/TMCS1133C5AQDVGR/23331381 | F8: 1 | G8: 4.55 | H8: =Minimum!$G8*Minimum!$F8 -> 4.55
A9: Generator conn | B9: TERM BLK 3POS SIDE ENTRY 5MM PCB | C9: 277-1578-ND | D9: MOUSER | E9: https://www.mouser.com/en/ProductDetail/Phoenix-Contact/1935174?qs=QWULklcAmSR8B7o4YouITA%3D%3D | F9: 1 | G9: 0.72 | H9: =Minimum!$G9*Minimum!$F9 -> 0.72
A10: Battery conn | B10: TERM BLK 2POS SIDE ENT 3.5MM PCB | C10: 284391-2 | D10: DigiKey | E10: https://www.digikey.com/en/products/detail/te-connectivity-amp-connectors/284391-2/1827021 | F10: 4 | G10: 1.94 | H10: =Minimum!$G10*Minimum!$F10 -> 7.76
A11: Signal conn | B11: TERM BLK 3POS SIDE ENT 3.5MM PCB | C11: 284391-3 | D11: DigiKey | E11: https://www.digikey.com/en/products/detail/te-connectivity-amp-connectors/284391-3/1827022 | F11: 1 | G11: 2.44 | H11: =Minimum!$G11*Minimum!$F11 -> 2.44
A12: MCU board | B12: F28379D LaunchPad™ development kit for C2000™ Delfino™ MCU | C12: LAUNCHXL-F28379D | D12: Texas Instruments | E12: https://www.ti.com/tool/LAUNCHXL-F28379D | F12: 1 | G12: 42.9 | H12: =Minimum!$G12*Minimum!$F12 -> 42.9
A13: Gate driver eval board | B13: EVAL BOARD FOR STGAP2HDM | C13: EVALSTGAP2HDM | D13: DigiKey | E13: https://www.digikey.com/en/products/detail/stmicroelectronics/EVALSTGAP2HDM/ | F13: 1 | G13: 100.01 | H13: =Minimum!$G13*Minimum!$F13 -> 100.01
A14: PCBs | B14: 5 pack | F14: 1 | G14: 70 | H14: =Minimum!$G14*Minimum!$F14 -> 70
A15: MISC | B15: Voltage divider resistiors and decoupling capacitors | F15: 1 | G15: 5 | H15: =Minimum!$G15*Minimum!$F15 -> 5
A16: Shipping | B16: Estimate of shipping for components | F16: 1 | G16: 40 | H16: =Minimum!$G16*Minimum!$F16 -> 40
A17: Contingency | B17: 20% contingency | H17: {=SUM(H2:H16*0.2)} -> 63.68
A18: TOTAL | H18: =SUM($H$2:$H$17) -> 382.08
A19: TOTAL excluding PCBs | H19: =SUM(H2:H13,H15:H16)+(0.2*SUM(H15:H16,H2:H13)) -> 298.08
A21: COST PER PROTOTYPE
A23: NOTE: PCBs will not need to be bought for every prototype because they come in a pack

Sheet Suggested
A1: item use | B1: Item description | C1: product number | D1: vendor | E1: link | F1: min quantity | G1: Quantity | H1: unit price | I1: Total cost
A2: Rectifier Capacitor | B2: CAP ALUM 560UF 20% 200V SNAP TH | C2: 493-8516-ND | D2: DigiKey | E2: https://www.digikey.com/en/products/detail/nichicon/LGW2D561MELA30/1966872 | F2: 4 | G2: 10 | H2: 3.61 | I2: =Suggested!$H2*Suggested!$G2 -> 36.1
A3: Three Phase Rectifier | B3: Bridge Rectifiers 200V 30A Power Diode Discretes-FRED i4-Pac | C3: DPF30U200FC | D3: MOUSER | E3: https://www.mouser.com/en/ProductDetail/IXYS/DPF30U200FC?qs=rQFj71Wb1eWHztVyBgjseQ%3D%3D | F3: 1 | G3: 2 | H3: 20.09 | I3: =Suggested!$H3*Suggested!$G3 -> 40.18
A4: Buck Inductor | B4: 437uH GE Inductor (Already in lab) | C4: LC200-0185 | F4: 1 | I4: =Suggested!$H4*Suggested!$G4 -> 0
A5: Buck Capacitor | B5: 10 µF 50 V Aluminum Electrolytic Capacitors Radial, Can 5000 Hrs @ 105°C | C5: EEU-FR1H100 | D5: DigiKey | E5: https://www.digikey.com/en/products/detail/panasonic-industry/EEU-FR1H100/9921028 | F5: 1 | G5: 10 | H5: 0.25 | I5: =Suggested!$H5*Suggested!$G5 -> 2.5
A6: MOSFET | B6: MOSFET N-CH 200V 12A TO220AB | C6: IRF200B211 | D6: DigiKey | E6: IRF200B211 Infineon Technologies | Single FETs, MOSFETs | DigiKey | F6: 1 | G6: 3 | H6: 2.23 | I6: =Suggested!$H6*Suggested!$G6 -> 6.69
A7: Diode | B7: DIODE SCHOTTKY 200V 10A TO220AC | C7: MBR10200_T0_00001 | D7: DigiKey | E7: https://www.digikey.com/en/products/detail/panjit-international-inc/MBR10200-T0-00001/15799461 | F7: 1 | G7: 3 | H7: 1.29 | I7: =Suggested!$H7*Suggested!$G7 -> 3.87
A8: Current sense IC | B8: CURRENT SENSOR HE 10-SOIC | C8: TMCS1133C5AQDVGR | D8: DigiKey | E8: https://www.digikey.com/en/products/detail/texas-instruments/TMCS1133C5AQDVGR/23331381 | F8: 1 | G8: 2 | H8: 4.55 | I8: =Suggested!$H8*Suggested!$G8 -> 9.1
A9: Generator conn | B9: TERM BLK 3POS SIDE ENTRY 5MM PCB | C9: 277-1578-ND | D9: DigiKey | E9: https://www.digikey.com/en/products/detail/phoenix-contact/1935174/568615 | F9: 1 | G9: 2 | H9: 0.72 | I9: =Suggested!$H9*Suggested!$G9 -> 1.44
A10: Battery conn | B10: TERM BLK 2POS SIDE ENT 3.5MM PCB | C10: 284391-2 | D10: DigiKey | E10: https://www.digikey.com/en/products/detail/te-connectivity-amp-connectors/284391-2/1827021 | F10: 4 | G10: 5 | H10: 1.94 | I10: =Suggested!$H10*Suggested!$G10 -> 9.7
A11: Signal conn | B11: TERM BLK 3POS SIDE ENT 3.5MM PCB | C11: 284391-3 | D11: DigiKey | E11: https://www.digikey.com/en/products/detail/te-connectivity-amp-connectors/284391-3/1827022 | F11: 1 | G11: 2 | H11: 2.44 | I11: =Suggested!$H11*Suggested!$G11 -> 4.88
A12: MCU board | B12: F28379D LaunchPad™ development kit for C2000™ Delfino™ MCU | C12: LAUNCHXL-F28379D | D12: Texas Instruments | E12: https://www.ti.com/tool/LAUNCHXL-F28379D | F12: 1 | G12: 1 | H12: 42.9 | I12: =F12*H12 -> 42.9
A13: Gate driver eval board | B13: EVAL BOARD FOR STGAP2HDM | C13: EVALSTGAP2HDM | D13: DigiKey | E13: https://www.digikey.com/en/products/detail/stmicroelectronics/EVALSTGAP2HDM/ | F13: 1 | G13: 1 | H13: 100.01 | I13: =F13*H13 -> 100.01
A14: PCBs | B14: 5 pack | F14: 1 | G14: 1 | H14: 70 | I14: =Suggested!$H14*Suggested!$G14 -> 70
A15: MISC | B15: Voltage divider resistiors and decoupling capacitors | F15: 1 | G15: 1 | H15: 5 | I15: =F15*H15 -> 5
A16: Shipping | B16: Estimate of shipping for components | F16: 1 | G16: 1 | H16: 40 | I16: 40
A17: Contingency | B17: 20% contingency | I17: {=SUM(I2:I16*0.2)} -> 74.474
A18: TOTAL | I18: =SUM($I$2:$I$17) -> 446.844
A19: TOTAL excluding PCBs | I19: =SUM(I2:I13,I15:I16)+(0.2*SUM(I15:I16,I2:I13)) -> 362.844
